WigleWifi-1.4,appRelease=2.26,model=SM-G930F,release=7.0,device=herolte,display=NRD90M.G930FXXU1DQHC,board=universal8890,brand=samsung
MAC,SSID,AuthMode,FirstSeen,Channel,RSSI,CurrentLatitude,CurrentLongitude,AltitudeMeters,AccuracyMeters,Type
ec:8c:a2:08:78:c8,Ariel_University,[ESS][BLE],2017-11-06 18:42:34,6,-87,32.10363303040909,35.21002827827904,657.019959102204,350,WIFI
ec:8c:a2:08:94:1c,Ariel_University,[ESS][BLE],2017-11-06 18:42:34,40,-89,32.10363303040909,35.21002827827904,657.019959102204,350,WIFI
1c:b9:c4:12:7c:c8,Ariel_University,[ESS][BLE],2017-11-06 18:42:34,11,-67,32.10363303040909,35.21002827827904,657.019959102204,350,WIFI
ec:8c:a2:08:94:18,Ariel_University,[ESS][BLE],2017-11-06 18:42:34,1,-81,32.10363303040909,35.21002827827904,657.019959102204,350,WIFI
1c:b9:c4:12:7c:cc,Ariel_University,[ESS][BLE],2017-11-06 18:42:34,36,-69,32.10363303040909,35.21002827827904,657.019959102204,350,WIFI
ec:8c:a2:08:78:cc,Ariel_University,[ESS][BLE],2017-11-06 18:42:34,40,-91,32.10363303040909,35.21002827827904,657.019959102204,350,WIFI
ec:8c:a2:88:94:17,,[WPA2-PSK-CCMP][ESS][BLE],2017-11-06 18:42:34,40,-76,32.10363303040909,35.21002827827904,657.019959102204,350,WIFI
ec:8c:a2:88:78:c7,,[WPA2-PSK-CCMP][ESS][BLE],2017-11-06 18:42:34,40,-83,32.10363303040909,35.21002827827904,657.019959102204,350,WIFI
1c:b9:c4:92:7c:c7,,[WPA2-PSK-CCMP][ESS][BLE],2017-11-06 18:42:34,36,-67,32.10363303040909,35.21002827827904,657.019959102204,350,WIFI
42503_6791_2105347,Pelephone,UNKNOWN;il,2017-11-06 18:42:34,0,-95,32.10363303040909,35.21002827827904,657.019959102204,350,GSM
ec:8c:a2:08:78:c8,Ariel_University,[ESS][BLE],2017-11-06 18:42:38,6,-87,32.10330360143334,35.20876835915508,706.8586962356818,96,WIFI
ec:8c:a2:08:94:1c,Ariel_University,[ESS][BLE],2017-11-06 18:42:38,40,-76,32.10330360143334,35.20876835915508,706.8586962356818,96,WIFI
1c:b9:c4:12:7c:c8,Ariel_University,[ESS][BLE],2017-11-06 18:42:38,11,-76,32.10330360143334,35.20876835915508,706.8586962356818,96,WIFI
ec:8c:a2:08:94:18,Ariel_University,[ESS][BLE],2017-11-06 18:42:38,1,-82,32.10330360143334,35.20876835915508,706.8586962356818,96,WIFI
1c:b9:c4:12:7c:cc,Ariel_University,[ESS][BLE],2017-11-06 18:42:38,36,-70,32.10330360143334,35.20876835915508,706.8586962356818,96,WIFI
ec:8c:a2:08:78:cc,Ariel_University,[ESS][BLE],2017-11-06 18:42:38,40,-93,32.10330360143334,35.20876835915508,706.8586962356818,96,WIFI
1c:b9:c4:92:7c:c7,,[WPA2-PSK-CCMP][ESS][BLE],2017-11-06 18:42:38,36,-67,32.10330360143334,35.20876835915508,706.8586962356818,96,WIFI
f8:d1:11:77:77:c6,HelpDesk,[WPA-PSK-CCMP+TKIP][WPA2-PSK-CCMP+TKIP][ESS],2017-11-06 18:42:38,4,-92,32.10330360143334,35.20876835915508,706.8586962356818,96,WIFI
00:25:86:cb:fd:f8,,[ESS],2017-11-06 18:42:38,9,-91,32.10330360143334,35.20876835915508,706.8586962356818,96,WIFI
8c:0c:90:ad:75:e3,,[WPA2-PSK-CCMP][ESS],2017-11-06 18:42:38,1,-89,32.10330360143334,35.20876835915508,706.8586962356818,96,WIFI
8c:0c:90:6e:16:88,,[WPA2-PSK-CCMP][ESS],2017-11-06 18:42:38,8,-95,32.10330360143334,35.20876835915508,706.8586962356818,96,WIFI
42503_6791_2105347,Pelephone,UNKNOWN;il,2017-11-06 18:42:38,0,-79,32.10330360143334,35.20876835915508,706.8586962356818,96,GSM
ec:8c:a2:88:94:17,,[WPA2-PSK-CCMP][ESS][BLE],2017-11-06 18:42:41,40,-81,32.10351936133025,35.20853379901914,711.717893181897,12,WIFI
40:a5:ef:8a:9f:2a,5WWG,[WPA2-PSK-CCMP][WPS][ESS],2017-11-06 18:42:41,149,-88,32.10351936133025,35.20853379901914,711.717893181897,12,WIFI
1c:b9:c4:16:28:ec,Ariel_University,[ESS][BLE],2017-11-06 18:42:41,52,-91,32.10351936133025,35.20853379901914,711.717893181897,12,WIFI
1c:b9:c4:16:d2:8c,Ariel_University,[ESS][BLE],2017-11-06 18:42:41,44,-92,32.10351936133025,35.20853379901914,711.717893181897,12,WIFI
1c:b9:c4:16:13:0c,Ariel_University,[ESS][BLE],2017-11-06 18:42:44,44,-88,32.10354214920483,35.2086476092738,709.1297257594664,12,WIFI
1c:b9:c4:16:28:e8,Ariel_University,[ESS][BLE],2017-11-06 18:42:44,1,-88,32.10354214920483,35.2086476092738,709.1297257594664,12,WIFI
1c:b9:c4:16:d2:88,Ariel_University,[ESS][BLE],2017-11-06 18:42:44,11,-89,32.10354214920483,35.2086476092738,709.1297257594664,12,WIFI
8c:0c:90:6e:16:88,,[WPA2-PSK-CCMP][ESS],2017-11-06 18:42:48,8,-90,32.10351731098113,35.20868308760278,705.3821192525875,8,WIFI
c4:12:f5:85:12:7d,Si_2.4G,[WPA2-PSK-CCMP][ESS][BLE],2017-11-06 18:42:48,5,-96,32.10351731098113,35.20868308760278,705.3821192525875,8,WIFI
1c:b9:c4:12:90:bc,Ariel_University,[ESS][BLE],2017-11-06 18:42:48,40,-88,32.10351731098113,35.20868308760278,705.3821192525875,8,WIFI
00:1a:dd:e3:5e:65,,[ESS],2017-11-06 18:42:48,10,-89,32.10351731098113,35.20868308760278,705.3821192525875,8,WIFI
8c:0c:90:2e:16:88,Ariel_University,[ESS],2017-11-06 18:42:48,8,-89,32.10351731098113,35.20868308760278,705.3821192525875,8,WIFI
00:1a:dd:e3:5e:64,Wirless-Afikim,[ESS],2017-11-06 18:42:48,10,-91,32.10351731098113,35.20868308760278,705.3821192525875,8,WIFI
ec:8c:a2:08:78:3c,Ariel_University,[ESS][BLE],2017-11-06 18:42:53,56,-90,32.10346327599778,35.20871523422948,702.8951334291545,8,WIFI
ec:8c:a2:08:7a:1c,Ariel_University,[ESS][BLE],2017-11-06 18:42:53,48,-91,32.10346327599778,35.20871523422948,702.8951334291545,8,WIFI
1c:b9:c4:16:f4:7c,Ariel_University,[ESS][BLE],2017-11-06 18:42:53,36,-92,32.10346327599778,35.20871523422948,702.8951334291545,8,WIFI
c4:12:f5:85:12:7d,Si_2.4G,[WPA2-PSK-CCMP][ESS][BLE],2017-11-06 18:42:56,5,-90,32.10341429360939,35.208713641771304,701.6030812538849,8,WIFI
ec:8c:a2:08:7a:1c,Ariel_University,[ESS][BLE],2017-11-06 18:42:56,48,-86,32.10341429360939,35.208713641771304,701.6030812538849,8,WIFI
ec:8c:a2:88:7a:17,,[WPA2-PSK-CCMP][ESS][BLE],2017-11-06 18:42:56,48,-86,32.10341429360939,35.208713641771304,701.6030812538849,8,WIFI
40:a5:ef:8a:9f:2b,Google,[WPA2-PSK-CCMP][WPS][ESS],2017-11-06 18:42:56,149,-89,32.10341429360939,35.208713641771304,701.6030812538849,8,WIFI
78:11:dc:1a:cf:d0,TamiRacheli,[WPA-PSK-CCMP+TKIP][WPA2-PSK-CCMP+TKIP][WPS][ESS][BLE],2017-11-06 18:42:56,8,-89,32.10341429360939,35.208713641771304,701.6030812538849,8,WIFI
14:ae:db:58:0d:6d,__ery,[WPA2-PSK-CCMP][ESS],2017-11-06 18:42:56,6,-91,32.10341429360939,35.208713641771304,701.6030812538849,8,WIFI
ec:8c:a2:08:78:38,Ariel_University,[ESS][BLE],2017-11-06 18:42:56,1,-81,32.10341429360939,35.208713641771304,701.6030812538849,8,WIFI
64:66:b3:64:0b:8b,TP-LINK_AP_640B8B,[WPS][ESS],2017-11-06 18:42:56,5,-92,32.10341429360939,35.208713641771304,701.6030812538849,8,WIFI
ec:8c:a2:09:03:38,Ariel_University,[ESS][BLE],2017-11-06 18:42:56,1,-90,32.10341429360939,35.208713641771304,701.6030812538849,8,WIFI
ec:8c:a2:08:a9:38,Ariel_University,[ESS][BLE],2017-11-06 18:42:56,6,-93,32.10341429360939,35.208713641771304,701.6030812538849,8,WIFI
52:ee:0c:3b:4a:ec,BezeqFree,[WPA2-PSK-CCMP][ESS][BLE],2017-11-06 18:42:59,6,-91,32.10340920085091,35.20871022867533,700.1111016162,6,WIFI
48:ee:0c:3b:4a:ef,Baruch1,[WPA2-PSK-CCMP][ESS][BLE],2017-11-06 18:42:59,6,-92,32.10340920085091,35.20871022867533,700.1111016162,6,WIFI
14:ae:db:cb:05:f5,Mama,[WPA-PSK-CCMP+TKIP][WPA2-PSK-CCMP+TKIP][WPS][ESS],2017-11-06 18:42:59,11,-93,32.10340920085091,35.20871022867533,700.1111016162,6,WIFI
40:a5:ef:8a:9f:31,,[WPA2-PSK-CCMP][ESS],2017-11-06 18:43:03,149,-89,32.10339628943397,35.20865577975196,697.5135802074988,6,WIFI
e8:94:f6:d5:98:86,TP-LINK_D59886,[WPA2-PSK-CCMP][WPS][ESS],2017-11-06 18:43:03,3,-89,32.10339628943397,35.20865577975196,697.5135802074988,6,WIFI
d0:0f:6d:c0:fe:7f,natali,[WPA2-PSK-CCMP][ESS],2017-11-06 18:43:03,9,-91,32.10339628943397,35.20865577975196,697.5135802074988,6,WIFI
80:37:73:d7:ab:3a,Hoom_2.4,[WPA2-PSK-CCMP][WPS][ESS][BLE],2017-11-06 18:43:03,11,-88,32.10339628943397,35.20865577975196,697.5135802074988,6,WIFI
84:16:f9:d7:2d:dc,TP-LINK_2DDC,[WPA-PSK-CCMP][WPA2-PSK-CCMP][WPS][ESS],2017-11-06 18:43:03,5,-93,32.10339628943397,35.20865577975196,697.5135802074988,6,WIFI
6a:37:73:d7:ab:3b,Bezeq Free AA107B,[ESS][BLE],2017-11-06 18:43:03,11,-88,32.10339628943397,35.20865577975196,697.5135802074988,6,WIFI
00:1a:dd:e3:5e:65,,[ESS],2017-11-06 18:43:06,10,-82,32.10339628943397,35.20865577975196,696.0677080992388,6,WIFI
ec:8c:a2:08:7a:1c,Ariel_University,[ESS][BLE],2017-11-06 18:43:06,48,-77,32.10339628943397,35.20865577975196,696.0677080992388,6,WIFI
ec:8c:a2:88:7a:17,,[WPA2-PSK-CCMP][ESS][BLE],2017-11-06 18:43:06,48,-78,32.10339628943397,35.20865577975196,696.0677080992388,6,WIFI
c0:ac:54:f5:ff:4b,YanivIsGay,[WPA-PSK-CCMP+TKIP][WPA2-PSK-CCMP+TKIP][ESS],2017-11-06 18:43:06,11,-92,32.10339628943397,35.20865577975196,696.0677080992388,6,WIFI
00:1a:dd:e3:5e:64,Wirless-Afikim,[ESS],2017-11-06 18:43:06,10,-83,32.10339628943397,35.20865577975196,696.0677080992388,6,WIFI
00:25:86:cb:fd:f8,,[ESS],2017-11-06 18:43:09,9,-85,32.103402705982525,35.20857849321191,695.607088294085,4,WIFI
1c:b9:c4:16:d2:8c,Ariel_University,[ESS][BLE],2017-11-06 18:43:09,44,-86,32.103402705982525,35.20857849321191,695.607088294085,4,WIFI
ec:8c:a2:08:78:3c,Ariel_University,[ESS][BLE],2017-11-06 18:43:09,56,-85,32.103402705982525,35.20857849321191,695.607088294085,4,WIFI
b0:48:7a:a1:80:8c,Knoch,[WPA-PSK-CCMP+TKIP][WPA2-PSK-CCMP+TKIP][WPS][ESS],2017-11-06 18:43:11,4,-93,32.103407744570006,35.208559819416166,695.5995312061141,3,WIFI
14:ae:db:cf:86:f5,Biren2809,[WPA-PSK-CCMP+TKIP][WPA2-PSK-CCMP+TKIP][WPS][ESS],2017-11-06 18:43:11,11,-94,32.103407744570006,35.208559819416166,695.5995312061141,3,WIFI
ec:8c:a2:08:7a:18,Ariel_University,[ESS][BLE],2017-11-06 18:43:11,1,-88,32.103407744570006,35.208559819416166,695.5995312061141,3,WIFI
ec:8c:a2:08:7a:18,Ariel_University,[ESS][BLE],2017-11-06 18:43:15,1,-82,32.103411804809895,35.20852910831831,695.5845024730164,4,WIFI
1c:b9:c4:12:90:b8,Ariel_University,[ESS][BLE],2017-11-06 18:43:15,11,-91,32.103411804809895,35.20852910831831,695.5845024730164,4,WIFI
ec:8c:a2:88:78:37,,[WPA2-PSK-CCMP][ESS][BLE],2017-11-06 18:43:19,56,-85,32.10341983983688,35.208493513340294,695.581163428979,4,WIFI
ec:8c:a2:09:0c:cc,Ariel_University,[ESS][BLE],2017-11-06 18:43:19,44,-92,32.10341983983688,35.208493513340294,695.581163428979,4,WIFI
ec:8c:a2:08:78:3c,Ariel_University,[ESS][BLE],2017-11-06 18:43:23,56,-80,32.103436429057396,35.208431169506895,695.5746977503359,4,WIFI
10:be:f5:39:8f:f2,LARISA,[WPA2-PSK-CCMP][ESS][BLE],2017-11-06 18:43:27,9,-88,32.10345152240715,35.20836349002531,695.5757130558146,4,WIFI
ec:8c:a2:88:78:37,,[WPA2-PSK-CCMP][ESS][BLE],2017-11-06 18:43:31,56,-78,32.10345718767889,35.20830406159954,695.5667388636518,4,WIFI
00:12:2a:39:2c:3c,netbox-550b,[WPA-PSK-CCMP+TKIP][WPA2-PSK-CCMP+TKIP][WPS][ESS][BLE],2017-11-06 18:43:31,1,-92,32.10345718767889,35.20830406159954,695.5667388636518,4,WIFI
ec:8c:a2:09:03:3c,Ariel_University,[ESS][BLE],2017-11-06 18:43:31,44,-93,32.10345718767889,35.20830406159954,695.5667388636518,4,WIFI
14:ae:db:57:60:c5,Nata,[WPA2-PSK-CCMP][ESS],2017-11-06 18:43:35,11,-93,32.10346522383539,35.20824481375145,695.5427957367253,4,WIFI
00:21:04:4c:2a:a2,Yan,[WPA-PSK-CCMP+TKIP][WPA2-PSK-CCMP+TKIP][ESS],2017-11-06 18:43:35,6,-92,32.10346522383539,35.20824481375145,695.5427957367253,4,WIFI
ec:8c:a2:09:0c:c8,Ariel_University,[ESS][BLE],2017-11-06 18:43:35,1,-87,32.10346522383539,35.20824481375145,695.5427957367253,4,WIFI
ec:8c:a2:09:8c:38,Ariel_University,[ESS][BLE],2017-11-06 18:43:35,1,-92,32.10346522383539,35.20824481375145,695.5427957367253,4,WIFI
ec:8c:a2:09:0c:c8,Ariel_University,[ESS][BLE],2017-11-06 18:43:39,1,-82,32.10346827209746,35.20820561511344,695.5103729606957,4,WIFI
c4:12:f5:3f:d1:75,natasha,[WPA2-PSK-CCMP][ESS],2017-11-06 18:43:39,1,-88,32.10346827209746,35.20820561511344,695.5103729606957,4,WIFI
c0:ac:54:f5:ff:4b,YanivIsGay,[WPA-PSK-CCMP+TKIP][WPA2-PSK-CCMP+TKIP][ESS],2017-11-06 18:43:39,11,-84,32.10346827209746,35.20820561511344,695.5103729606957,4,WIFI
14:ae:db:cf:86:f5,Biren2809,[WPA-PSK-CCMP+TKIP][WPA2-PSK-CCMP+TKIP][WPS][ESS],2017-11-06 18:43:39,11,-88,32.10346827209746,35.20820561511344,695.5103729606957,4,WIFI
14:ae:db:cd:69:52,fuckoff,[WPA2-PSK-CCMP][ESS],2017-11-06 18:43:39,9,-94,32.10346827209746,35.20820561511344,695.5103729606957,4,WIFI
f4:f2:6d:5e:9e:eb,Stern19,[WPA-PSK-CCMP+TKIP][WPA2-PSK-CCMP+TKIP][WPS][ESS],2017-11-06 18:43:39,11,-94,32.10346827209746,35.20820561511344,695.5103729606957,4,WIFI
ec:8c:a2:09:8c:3c,Ariel_University,[ESS][BLE],2017-11-06 18:43:39,44,-88,32.10346827209746,35.20820561511344,695.5103729606957,4,WIFI
ec:8c:a2:08:78:3c,Ariel_University,[ESS][BLE],2017-11-06 18:43:43,56,-73,32.10347277333341,35.208164814419746,695.4523660143292,4,WIFI
ec:8c:a2:88:78:37,,[WPA2-PSK-CCMP][ESS][BLE],2017-11-06 18:43:43,56,-73,32.10347277333341,35.208164814419746,695.4523660143292,4,WIFI
00:78:9e:fa:31:85,HOTBOX-9410,[WPA-PSK-CCMP+TKIP][WPA2-PSK-CCMP+TKIP][ESS],2017-11-06 18:43:43,6,-94,32.10347277333341,35.208164814419746,695.4523660143292,4,WIFI
ec:8c:a2:09:8c:38,Ariel_University,[ESS][BLE],2017-11-06 18:43:47,1,-84,32.10347623922492,35.20812922484145,695.3750450586753,4,WIFI
d4:6e:0e:3c:2c:3a,natali,[WPA2-PSK-CCMP+TKIP][WPS][ESS],2017-11-06 18:43:47,9,-92,32.10347623922492,35.20812922484145,695.3750450586753,4,WIFI
ec:8c:a2:08:7a:18,Ariel_University,[ESS][BLE],2017-11-06 18:43:47,1,-77,32.10347623922492,35.20812922484145,695.3750450586753,4,WIFI
ec:8c:a2:09:0c:cc,Ariel_University,[ESS][BLE],2017-11-06 18:43:47,44,-85,32.10347623922492,35.20812922484145,695.3750450586753,4,WIFI
ec:8c:a2:08:90:cc,Ariel_University,[ESS][BLE],2017-11-06 18:43:47,36,-93,32.10347623922492,35.20812922484145,695.3750450586753,4,WIFI
ec:8c:a2:26:ae:28,Ariel_University,[ESS][BLE],2017-11-06 18:43:47,11,-91,32.10347623922492,35.20812922484145,695.3750450586753,4,WIFI
ec:8c:a2:08:a9:28,Ariel_University,[ESS][BLE],2017-11-06 18:43:47,11,-92,32.10347623922492,35.20812922484145,695.3750450586753,4,WIFI
ec:8c:a2:08:7a:1c,Ariel_University,[ESS][BLE],2017-11-06 18:43:51,48,-64,32.10347846506463,35.20810928721739,695.3078066745206,4,WIFI
ec:8c:a2:88:7a:17,,[WPA2-PSK-CCMP][ESS][BLE],2017-11-06 18:43:51,48,-65,32.10347846506463,35.20810928721739,695.3078066745206,4,WIFI
d0:0f:6d:c0:fe:7f,natali,[WPA2-PSK-CCMP][ESS],2017-11-06 18:43:51,9,-86,32.10347846506463,35.20810928721739,695.3078066745206,4,WIFI
ec:8c:a2:89:0c:c7,,[WPA2-PSK-CCMP][ESS][BLE],2017-11-06 18:43:51,44,-83,32.10347846506463,35.20810928721739,695.3078066745206,4,WIFI
ec:8c:a2:09:03:38,Ariel_University,[ESS][BLE],2017-11-06 18:43:51,1,-85,32.10347846506463,35.20810928721739,695.3078066745206,4,WIFI
00:25:86:cc:00:f8,AUC_54_R,[ESS],2017-11-06 18:43:51,5,-92,32.10347846506463,35.20810928721739,695.3078066745206,4,WIFI
ec:8c:a2:09:8c:38,Ariel_University,[ESS][BLE],2017-11-06 18:43:55,1,-78,32.10348769738042,35.208052553776746,695.203149970697,6,WIFI
ec:8c:a2:08:90:cc,Ariel_University,[ESS][BLE],2017-11-06 18:43:55,36,-88,32.10348769738042,35.208052553776746,695.203149970697,6,WIFI
ec:8c:a2:88:90:c7,,[WPA2-PSK-CCMP][ESS][BLE],2017-11-06 18:43:55,36,-89,32.10348769738042,35.208052553776746,695.203149970697,6,WIFI
06:ae:db:55:a6:95,Netanel1610,[WPA-PSK-CCMP+TKIP][WPA2-PSK-CCMP+TKIP][WPS][ESS],2017-11-06 18:43:55,5,-95,32.10348769738042,35.208052553776746,695.203149970697,6,WIFI
00:1a:dd:f5:d4:64,PEPWAVE_733D,[WPA-PSK-CCMP+TKIP][WPA2-PSK-CCMP+TKIP][ESS],2017-11-06 18:43:55,8,-93,32.10348769738042,35.208052553776746,695.203149970697,6,WIFI
ec:8c:a2:09:03:3c,Ariel_University,[ESS][BLE],2017-11-06 18:43:55,44,-86,32.10348769738042,35.208052553776746,695.203149970697,6,WIFI
ec:8c:a2:08:a9:3c,Ariel_University,[ESS][BLE],2017-11-06 18:43:55,36,-90,32.10348769738042,35.208052553776746,695.203149970697,6,WIFI
00:27:22:f3:bb:3a,,[ESS],2017-11-06 18:43:55,11,-89,32.10348769738042,35.208052553776746,695.203149970697,6,WIFI
ec:8c:a2:08:90:c8,Ariel_University,[ESS][BLE],2017-11-06 18:43:55,11,-91,32.10348769738042,35.208052553776746,695.203149970697,6,WIFI
ec:8c:a2:09:0c:cc,Ariel_University,[ESS][BLE],2017-11-06 18:43:59,44,-78,32.10348534604068,35.20800134129367,695.1031433191553,6,WIFI
00:1a:dd:f5:d4:64,PEPWAVE_733D,[WPA-PSK-CCMP+TKIP][WPA2-PSK-CCMP+TKIP][ESS],2017-11-06 18:43:59,8,-84,32.10348534604068,35.20800134129367,695.1031433191553,6,WIFI
ec:8c:a2:89:03:37,,[WPA2-PSK-CCMP][ESS][BLE],2017-11-06 18:43:59,44,-83,32.10348534604068,35.20800134129367,695.1031433191553,6,WIFI
ec:8c:a2:89:8c:37,,[WPA2-PSK-CCMP][ESS][BLE],2017-11-06 18:43:59,44,-86,32.10348534604068,35.20800134129367,695.1031433191553,6,WIFI
14:ae:db:55:a6:95,Netanel,[WPA-PSK-CCMP+TKIP][WPA2-PSK-CCMP+TKIP][WPS][ESS],2017-11-06 18:43:59,5,-94,32.10348534604068,35.20800134129367,695.1031433191553,6,WIFI
00:1a:dd:f5:d4:64,PEPWAVE_733D,[WPA-PSK-CCMP+TKIP][WPA2-PSK-CCMP+TKIP][ESS],2017-11-06 18:44:03,8,-72,32.10348104686233,35.207952275946276,695.0177355193006,6,WIFI
ec:8c:a2:09:8c:3c,Ariel_University,[ESS][BLE],2017-11-06 18:44:03,44,-78,32.10348104686233,35.207952275946276,695.0177355193006,6,WIFI
42503_6791_2105347,Pelephone,UNKNOWN;il,2017-11-06 18:44:03,0,-73,32.10348104686233,35.207952275946276,695.0177355193006,6,GSM
ec:8c:a2:09:03:38,Ariel_University,[ESS][BLE],2017-11-06 18:44:06,1,-77,32.10348362495388,35.207925784055995,694.9232719280704,6,WIFI
ec:8c:a2:08:a9:38,Ariel_University,[ESS][BLE],2017-11-06 18:44:06,6,-83,32.10348362495388,35.207925784055995,694.9232719280704,6,WIFI
ec:8c:a2:08:a9:3c,Ariel_University,[ESS][BLE],2017-11-06 18:44:06,36,-75,32.10348362495388,35.207925784055995,694.9232719280704,6,WIFI
ec:8c:a2:08:a9:28,Ariel_University,[ESS][BLE],2017-11-06 18:44:06,11,-87,32.10348362495388,35.207925784055995,694.9232719280704,6,WIFI
ec:8c:a2:88:a9:37,,[WPA2-PSK-CCMP][ESS][BLE],2017-11-06 18:44:06,36,-76,32.10348362495388,35.207925784055995,694.9232719280704,6,WIFI
ec:8c:a2:26:b0:58,Ariel_University,[ESS][BLE],2017-11-06 18:44:06,11,-90,32.10348362495388,35.207925784055995,694.9232719280704,6,WIFI
ec:8c:a2:09:86:d8,Ariel_University,[ESS][BLE],2017-11-06 18:44:06,6,-92,32.10348362495388,35.207925784055995,694.9232719280704,6,WIFI
42503_6791_2105347,Pelephone,UNKNOWN;il,2017-11-06 18:44:06,0,-65,32.10348362495388,35.207925784055995,694.9232719280704,6,GSM
ec:8c:a2:08:90:c8,Ariel_University,[ESS][BLE],2017-11-06 18:44:10,11,-84,32.103473870177446,35.20789172513798,694.7887453057793,6,WIFI
ec:8c:a2:08:a9:28,Ariel_University,[ESS][BLE],2017-11-06 18:44:10,11,-71,32.103473870177446,35.20789172513798,694.7887453057793,6,WIFI
ec:8c:a2:08:a9:2c,Ariel_University,[ESS][BLE],2017-11-06 18:44:10,44,-74,32.103473870177446,35.20789172513798,694.7887453057793,6,WIFI
ec:8c:a2:08:7b:8c,Ariel_University,[ESS][BLE],2017-11-06 18:44:10,52,-82,32.103473870177446,35.20789172513798,694.7887453057793,6,WIFI
ec:8c:a2:08:7b:88,Ariel_University,[ESS][BLE],2017-11-06 18:44:10,11,-85,32.103473870177446,35.20789172513798,694.7887453057793,6,WIFI
00:27:22:f3:bb:86,,[ESS],2017-11-06 18:44:10,6,-94,32.103473870177446,35.20789172513798,694.7887453057793,6,WIFI
ec:8c:a2:88:a9:27,,[WPA2-PSK-CCMP][ESS][BLE],2017-11-06 18:44:14,44,-90,32.10341542195952,35.2078628572424,694.6122015240794,6,WIFI
90:8d:78:55:1d:16,norden,[WPA2-PSK-CCMP][ESS][BLE],2017-11-06 18:44:18,10,-89,32.10335389846142,35.20784473152746,694.3955857417465,4,WIFI
ec:8c:a2:08:78:38,Ariel_University,[ESS][BLE],2017-11-06 18:44:22,1,-76,32.103311046968855,35.20783865070941,694.1428064128824,4,WIFI
ec:8c:a2:08:a9:38,Ariel_University,[ESS][BLE],2017-11-06 18:44:22,6,-78,32.103311046968855,35.20783865070941,694.1428064128824,4,WIFI
14:ae:db:32:52:12,surikat,[WPA2-PSK-CCMP][ESS],2017-11-06 18:44:22,1,-88,32.103311046968855,35.20783865070941,694.1428064128824,4,WIFI
d8:fe:e3:03:5a:31,Moria,[WPA2-PSK-CCMP][ESS],2017-11-06 18:44:22,6,-91,32.103311046968855,35.20783865070941,694.1428064128824,4,WIFI
00:1a:dd:f5:d4:64,PEPWAVE_733D,[WPA-PSK-CCMP+TKIP][WPA2-PSK-CCMP+TKIP][ESS],2017-11-06 18:44:26,8,-52,32.10323980725398,35.20782475610767,693.8792513684633,4,WIFI
10:5a:f7:00:d9:06,Raul_5,[WPA2-PSK-CCMP][ESS][BLE],2017-11-06 18:44:34,52,-89,32.10314011889694,35.20776689234222,693.3350337923579,6,WIFI
14:ae:db:43:88:35,BEZEQINT-8831,[WPA-PSK-CCMP+TKIP][WPA2-PSK-CCMP+TKIP][WPS][ESS],2017-11-06 18:44:34,6,-91,32.10314011889694,35.20776689234222,693.3350337923579,6,WIFI
a0:ab:1b:59:55:54,ear,[WPA2-PSK-TKIP][ESS][BLE],2017-11-06 18:44:34,1,-91,32.10314011889694,35.20776689234222,693.3350337923579,6,WIFI
ec:8c:a2:09:03:38,Ariel_University,[ESS][BLE],2017-11-06 18:46:03,1,-84,32.102239632460325,35.20737552442532,687.7619761074875,4,WIFI
ec:8c:a2:09:03:3c,Ariel_University,[ESS][BLE],2017-11-06 18:46:03,44,-90,32.102239632460325,35.20737552442532,687.7619761074875,4,WIFI
00:1a:dd:f5:d4:64,PEPWAVE_733D,[WPA-PSK-CCMP+TKIP][WPA2-PSK-CCMP+TKIP][ESS],2017-11-06 18:46:03,8,-74,32.102239632460325,35.20737552442532,687.7619761074875,4,WIFI
90:8d:78:55:1d:16,norden,[WPA2-PSK-CCMP][ESS][BLE],2017-11-06 18:46:03,10,-86,32.102239632460325,35.20737552442532,687.7619761074875,4,WIFI
80:37:73:d7:ab:3a,Hoom_2.4,[WPA2-PSK-CCMP][WPS][ESS][BLE],2017-11-06 18:46:03,11,-86,32.102239632460325,35.20737552442532,687.7619761074875,4,WIFI
10:be:f5:39:8f:f2,LARISA,[WPA2-PSK-CCMP][ESS][BLE],2017-11-06 18:46:03,9,-90,32.102239632460325,35.20737552442532,687.7619761074875,4,WIFI
14:ae:db:cf:1e:e5,BEZEQINT-1EE1,[WPA-PSK-CCMP+TKIP][WPA2-PSK-CCMP+TKIP][WPS][ESS],2017-11-06 18:46:03,6,-91,32.102239632460325,35.20737552442532,687.7619761074875,4,WIFI
30:e1:71:0d:e0:57,DIRECT-56-HP DeskJet 3630 series,[WPA2-PSK-CCMP][ESS],2017-11-06 18:46:03,6,-92,32.102239632460325,35.20737552442532,687.7619761074875,4,WIFI
6a:37:73:d7:ab:3b,Bezeq Free AA107B,[ESS][BLE],2017-11-06 18:46:03,11,-88,32.102239632460325,35.20737552442532,687.7619761074875,4,WIFI
42503_6791_2105346,Pelephone,UNKNOWN;il,2017-11-06 18:46:03,0,-75,32.102239632460325,35.20737552442532,687.7619761074875,4,GSM
ec:8c:a2:09:03:38,Ariel_University,[ESS][BLE],2017-11-06 18:46:05,1,-79,32.10222988336784,35.207358172617994,687.6061162422501,4,WIFI
14:ae:db:cf:1e:e5,BEZEQINT-1EE1,[WPA-PSK-CCMP+TKIP][WPA2-PSK-CCMP+TKIP][WPS][ESS],2017-11-06 18:46:05,6,-86,32.10222988336784,35.207358172617994,687.6061162422501,4,WIFI
d4:6e:0e:3c:2c:3a,natali,[WPA2-PSK-CCMP+TKIP][WPS][ESS],2017-11-06 18:46:05,9,-88,32.10222988336784,35.207358172617994,687.6061162422501,4,WIFI
10:be:f5:a7:b4:f4,Home,[WPA2-PSK-CCMP][ESS][BLE],2017-11-06 18:46:05,9,-88,32.10222988336784,35.207358172617994,687.6061162422501,4,WIFI
04:c2:3e:2d:e2:9a,?shay.r,[WPA2-PSK-CCMP][ESS],2017-11-06 18:46:05,6,-88,32.10222988336784,35.207358172617994,687.6061162422501,4,WIFI
14:ae:db:b6:a2:9d,Noor,[WPA2-PSK-CCMP][ESS],2017-11-06 18:46:05,1,-88,32.10222988336784,35.207358172617994,687.6061162422501,4,WIFI
d0:0f:6d:f1:35:2f,Sveta,[WPA2-PSK-CCMP][ESS],2017-11-06 18:46:05,4,-89,32.10222988336784,35.207358172617994,687.6061162422501,4,WIFI
90:8d:78:56:ce:bd,Roman,[WPA2-PSK-CCMP][ESS][BLE],2017-11-06 18:46:05,4,-90,32.10222988336784,35.207358172617994,687.6061162422501,4,WIFI
1c:b9:c4:16:f4:7c,Ariel_University,[ESS][BLE],2017-11-06 18:46:05,36,-87,32.10222988336784,35.207358172617994,687.6061162422501,4,WIFI
ec:8c:a2:08:77:48,Ariel_University,[ESS][BLE],2017-11-06 18:46:05,6,-86,32.10222988336784,35.207358172617994,687.6061162422501,4,WIFI
1c:b9:c4:15:36:88,Ariel_University,[ESS][BLE],2017-11-06 18:46:05,6,-90,32.10222988336784,35.207358172617994,687.6061162422501,4,WIFI
00:1a:dd:f5:d4:64,PEPWAVE_733D,[WPA-PSK-CCMP+TKIP][WPA2-PSK-CCMP+TKIP][ESS],2017-11-06 18:46:10,8,-64,32.1021927290497,35.20731844272494,687.202248722225,4,WIFI
10:be:f5:39:8f:f2,LARISA,[WPA2-PSK-CCMP][ESS][BLE],2017-11-06 18:46:10,9,-82,32.1021927290497,35.20731844272494,687.202248722225,4,WIFI
14:ae:db:32:52:12,surikat,[WPA2-PSK-CCMP][ESS],2017-11-06 18:46:10,1,-84,32.1021927290497,35.20731844272494,687.202248722225,4,WIFI
00:12:2a:39:2c:3c,netbox-550b,[WPA-PSK-CCMP+TKIP][WPA2-PSK-CCMP+TKIP][WPS][ESS][BLE],2017-11-06 18:46:10,1,-86,32.1021927290497,35.20731844272494,687.202248722225,4,WIFI
d8:fe:e3:03:5a:31,Moria,[WPA2-PSK-CCMP][ESS],2017-11-06 18:46:10,6,-92,32.1021927290497,35.20731844272494,687.202248722225,4,WIFI
00:1a:dd:f5:d4:64,PEPWAVE_733D,[WPA-PSK-CCMP+TKIP][WPA2-PSK-CCMP+TKIP][ESS],2017-11-06 18:46:15,8,-44,32.10216916284154,35.207273976729525,686.805957569006,4,WIFI
90:8d:78:55:1d:16,norden,[WPA2-PSK-CCMP][ESS][BLE],2017-11-06 18:46:15,10,-77,32.10216916284154,35.207273976729525,686.805957569006,4,WIFI
90:8d:78:55:1d:15,norden-5GHz,[WPA2-PSK-CCMP][ESS][BLE],2017-11-06 18:46:15,48,-83,32.10216916284154,35.207273976729525,686.805957569006,4,WIFI
10:be:f5:3e:4c:86,Neta,[WPA2-PSK-CCMP][ESS][BLE],2017-11-06 18:46:15,1,-83,32.10216916284154,35.207273976729525,686.805957569006,4,WIFI
a0:4f:d4:3a:a0:e1,Cellcom-WiFi_0123,[WPA2-PSK-CCMP][ESS],2017-11-06 18:46:15,1,-87,32.10216916284154,35.207273976729525,686.805957569006,4,WIFI
a0:ab:1b:59:55:54,ear,[WPA2-PSK-TKIP][ESS][BLE],2017-11-06 18:46:15,1,-85,32.10216916284154,35.207273976729525,686.805957569006,4,WIFI
80:37:73:d7:ab:3b,Hoom_5,[WPA2-PSK-CCMP][WPS][ESS][BLE],2017-11-06 18:46:15,60,-92,32.10216916284154,35.207273976729525,686.805957569006,4,WIFI
14:ae:db:43:88:35,BEZEQINT-8831,[WPA-PSK-CCMP+TKIP][WPA2-PSK-CCMP+TKIP][WPS][ESS],2017-11-06 18:46:20,6,-91,32.102131662802904,35.207232828632506,686.4327952474749,4,WIFI
b0:48:7a:a1:80:8c,Knoch,[WPA-PSK-CCMP+TKIP][WPA2-PSK-CCMP+TKIP][WPS][ESS],2017-11-06 18:46:20,4,-89,32.102131662802904,35.207232828632506,686.4327952474749,4,WIFI
00:0e:f4:c1:50:14,vladimir,[WPA2-PSK-CCMP][ESS][BLE],2017-11-06 18:46:20,11,-92,32.102131662802904,35.207232828632506,686.4327952474749,4,WIFI
48:db:50:34:bb:f7,HUAWEI-BBF7,[WPA2-PSK-CCMP][WPS][ESS],2017-11-06 18:46:20,1,-94,32.102131662802904,35.207232828632506,686.4327952474749,4,WIFI
ec:8c:a2:08:99:68,Ariel_University,[ESS][BLE],2017-11-06 18:46:20,11,-89,32.102131662802904,35.207232828632506,686.4327952474749,4,WIFI
1c:b9:c4:14:33:c8,Ariel_University,[ESS][BLE],2017-11-06 18:46:20,11,-89,32.102131662802904,35.207232828632506,686.4327952474749,4,WIFI
b0:48:7a:a1:80:8c,Knoch,[WPA-PSK-CCMP+TKIP][WPA2-PSK-CCMP+TKIP][WPS][ESS],2017-11-06 18:46:25,4,-79,32.10209895247319,35.20717585612655,686.0561901939943,4,WIFI
c0:ac:54:f8:17:50,urlafe1,[WPA-PSK-CCMP+TKIP][WPA2-PSK-CCMP+TKIP][ESS],2017-11-06 18:46:25,11,-93,32.10209895247319,35.20717585612655,686.0561901939943,4,WIFI
ec:8c:a2:08:a9:38,Ariel_University,[ESS][BLE],2017-11-06 18:46:25,6,-90,32.10209895247319,35.20717585612655,686.0561901939943,4,WIFI
a0:ab:1b:59:55:54,ear,[WPA2-PSK-TKIP][ESS][BLE],2017-11-06 18:46:30,1,-77,32.10207634458919,35.207116706200225,685.6825628137775,4,WIFI
ec:8c:a2:08:99:68,Ariel_University,[ESS][BLE],2017-11-06 18:46:30,11,-84,32.10207634458919,35.207116706200225,685.6825628137775,4,WIFI
10:be:f5:3e:4c:86,Neta,[WPA2-PSK-CCMP][ESS][BLE],2017-11-06 18:46:30,1,-74,32.10207634458919,35.207116706200225,685.6825628137775,4,WIFI
02:1a:11:f0:1a:66,HUAWEI P9,[WPA2-PSK-CCMP][ESS],2017-11-06 18:46:30,6,-82,32.10207634458919,35.207116706200225,685.6825628137775,4,WIFI
d8:fe:e3:03:5a:31,Moria,[WPA2-PSK-CCMP][ESS],2017-11-06 18:46:30,6,-86,32.10207634458919,35.207116706200225,685.6825628137775,4,WIFI
ec:8c:a2:09:93:b8,Ariel_University,[ESS][BLE],2017-11-06 18:46:30,11,-89,32.10207634458919,35.207116706200225,685.6825628137775,4,WIFI
90:8d:78:56:ce:bd,Roman,[WPA2-PSK-CCMP][ESS][BLE],2017-11-06 18:46:35,4,-84,32.10205997408706,35.20705424020479,685.3249681068982,6,WIFI
c0:ac:54:f8:17:50,urlafe1,[WPA-PSK-CCMP+TKIP][WPA2-PSK-CCMP+TKIP][ESS],2017-11-06 18:46:35,11,-86,32.10205997408706,35.20705424020479,685.3249681068982,6,WIFI
02:1a:11:f0:1a:66,HUAWEI P9,[WPA2-PSK-CCMP][ESS],2017-11-06 18:46:35,6,-65,32.10205997408706,35.20705424020479,685.3249681068982,6,WIFI
c0:ac:54:f5:ff:4b,YanivIsGay,[WPA-PSK-CCMP+TKIP][WPA2-PSK-CCMP+TKIP][ESS],2017-11-06 18:46:35,11,-88,32.10205997408706,35.20705424020479,685.3249681068982,6,WIFI
14:ae:db:cb:05:f5,Mama,[WPA-PSK-CCMP+TKIP][WPA2-PSK-CCMP+TKIP][WPS][ESS],2017-11-06 18:46:35,11,-88,32.10205997408706,35.20705424020479,685.3249681068982,6,WIFI
00:8c:54:90:ce:d1,victoria,[WPA2-PSK-CCMP][ESS][BLE],2017-11-06 18:46:35,1,-89,32.10205997408706,35.20705424020479,685.3249681068982,6,WIFI
10:be:f5:39:8f:f2,LARISA,[WPA2-PSK-CCMP][ESS][BLE],2017-11-06 18:46:40,9,-65,32.10203168659165,35.20700815059434,684.988649906533,6,WIFI
14:ae:db:43:88:35,BEZEQINT-8831,[WPA-PSK-CCMP+TKIP][WPA2-PSK-CCMP+TKIP][WPS][ESS],2017-11-06 18:46:40,6,-80,32.10203168659165,35.20700815059434,684.988649906533,6,WIFI
c0:ac:54:f8:17:50,urlafe1,[WPA-PSK-CCMP+TKIP][WPA2-PSK-CCMP+TKIP][ESS],2017-11-06 18:46:40,11,-79,32.10203168659165,35.20700815059434,684.988649906533,6,WIFI
9c:5c:8e:68:09:c4,My ASUS,[ESS],2017-11-06 18:46:40,6,-91,32.10203168659165,35.20700815059434,684.988649906533,6,WIFI
80:37:73:d7:ab:3a,Hoom_2.4,[WPA2-PSK-CCMP][WPS][ESS][BLE],2017-11-06 18:46:45,11,-80,32.10201940014625,35.206937639280724,684.6889701971224,6,WIFI
6a:37:73:d7:ab:3b,Bezeq Free AA107B,[ESS][BLE],2017-11-06 18:46:45,11,-82,32.10201940014625,35.206937639280724,684.6889701971224,6,WIFI
f4:f2:6d:2b:3e:92,NAD-4,[WPA2-PSK-CCMP][WPS][ESS],2017-11-06 18:46:45,5,-93,32.10201940014625,35.206937639280724,684.6889701971224,6,WIFI
14:ae:db:50:2b:e5,EY_home,[WPA2-PSK-CCMP][ESS],2017-11-06 18:46:45,1,-92,32.10201940014625,35.206937639280724,684.6889701971224,6,WIFI
06:ae:db:50:2b:e5,BezeqFree,[WPA2-PSK-CCMP][ESS],2017-11-06 18:46:45,1,-92,32.10201940014625,35.206937639280724,684.6889701971224,6,WIFI
10:be:f5:a7:b4:f4,Home,[WPA2-PSK-CCMP][ESS][BLE],2017-11-06 18:46:58,9,-83,32.10195927882294,35.206776302272,684.0541492300487,8,WIFI
00:25:86:cc:07:b2,KCG_54,[ESS],2017-11-06 18:46:58,2,-91,32.10195927882294,35.206776302272,684.0541492300487,8,WIFI
14:ae:db:cf:1e:e5,BEZEQINT-1EE1,[WPA-PSK-CCMP+TKIP][WPA2-PSK-CCMP+TKIP][WPS][ESS],2017-11-06 18:47:03,6,-81,32.10195418921787,35.20670264452,683.8566122197366,6,WIFI
00:12:2a:39:2c:3c,netbox-550b,[WPA-PSK-CCMP+TKIP][WPA2-PSK-CCMP+TKIP][WPS][ESS][BLE],2017-11-06 18:47:03,1,-80,32.10195418921787,35.20670264452,683.8566122197366,6,WIFI
14:ae:db:b6:a2:9d,Noor,[WPA2-PSK-CCMP][ESS],2017-11-06 18:47:11,1,-76,32.101908785714386,35.206597755458425,683.606892681623,6,WIFI
00:0e:f4:c1:50:14,vladimir,[WPA2-PSK-CCMP][ESS][BLE],2017-11-06 18:47:15,11,-81,32.101897750412064,35.20656245199006,683.5010560339069,6,WIFI
00:8c:54:90:ce:d1,victoria,[WPA2-PSK-CCMP][ESS][BLE],2017-11-06 18:47:15,1,-83,32.101897750412064,35.20656245199006,683.5010560339069,6,WIFI
6c:19:8f:46:d7:1d,Sara,[WPA2-PSK-CCMP][ESS],2017-11-06 18:47:20,6,-93,32.101871684184474,35.20649510961749,683.3782422069928,6,WIFI
00:25:86:cc:00:f8,AUC_54_R,[ESS],2017-11-06 18:47:20,5,-90,32.101871684184474,35.20649510961749,683.3782422069928,6,WIFI
c4:04:15:11:44:7f,campus73,[WPS][ESS][BLE],2017-11-06 18:47:20,1,-91,32.101871684184474,35.20649510961749,683.3782422069928,6,WIFI
c4:04:15:11:44:7f,campus73,[WPS][ESS][BLE],2017-11-06 18:47:24,1,-83,32.1018651034713,35.20644896947214,683.2918187017839,6,WIFI
6c:b0:ce:39:89:e7,amfisa2.4,[WPA2-PSK-CCMP][WPS][ESS][BLE],2017-11-06 18:47:28,11,-93,32.101836771191536,35.20641376190912,683.2209620350785,8,WIFI
5a:b0:ce:39:89:e4,Bezeq Free RA36CA,[ESS][BLE],2017-11-06 18:47:28,11,-94,32.101836771191536,35.20641376190912,683.2209620350785,8,WIFI
d0:0f:6d:f1:35:2f,Sveta,[WPA2-PSK-CCMP][ESS],2017-11-06 18:47:32,4,-93,32.1018295225796,35.20634834558677,683.1575361744215,8,WIFI
42503_6791_2105346,Pelephone,UNKNOWN;il,2017-11-06 18:47:32,0,-81,32.1018295225796,35.20634834558677,683.1575361744215,8,GSM
6c:b0:ce:39:89:e7,amfisa2.4,[WPA2-PSK-CCMP][WPS][ESS][BLE],2017-11-06 18:47:37,11,-85,32.101818893207444,35.2062695772206,683.0869037471399,8,WIFI
5a:b0:ce:39:89:e4,Bezeq Free RA36CA,[ESS][BLE],2017-11-06 18:47:37,11,-88,32.101818893207444,35.2062695772206,683.0869037471399,8,WIFI
a4:2b:8c:9b:aa:14,Barabas,[WPA2-PSK-CCMP][ESS][BLE],2017-11-06 18:47:37,1,-93,32.101818893207444,35.2062695772206,683.0869037471399,8,WIFI
8c:59:c3:e8:f2:13,M9BLAT,[WPA2-PSK-CCMP][ESS][BLE],2017-11-06 18:47:41,36,-89,32.10181548183463,35.20620631918962,683.0368701418288,8,WIFI
18:a6:f7:9c:12:d0,M9BLAT,[WPA-PSK-CCMP+TKIP][WPA2-PSK-CCMP+TKIP][ESS],2017-11-06 18:47:41,1,-94,32.10181548183463,35.20620631918962,683.0368701418288,8,WIFI
00:1a:dd:f5:d4:64,PEPWAVE_733D,[WPA-PSK-CCMP+TKIP][WPA2-PSK-CCMP+TKIP][ESS],2017-11-06 18:47:41,8,-90,32.10181548183463,35.20620631918962,683.0368701418288,8,WIFI
8c:59:c3:e8:f2:12,M9BLAT,[WPA2-PSK-CCMP][ESS][BLE],2017-11-06 18:47:41,1,-93,32.10181548183463,35.20620631918962,683.0368701418288,8,WIFI
5a:b0:ce:39:89:e4,Bezeq Free RA36CA,[ESS][BLE],2017-11-06 18:47:45,11,-83,32.101808900648635,35.20614037415356,682.9947734632763,8,WIFI
80:37:73:d7:ab:3b,Hoom_5,[WPA2-PSK-CCMP][WPS][ESS][BLE],2017-11-06 18:47:45,60,-90,32.101808900648635,35.20614037415356,682.9947734632763,8,WIFI
4c:60:de:43:6a:b4,jinx23m,[WPA-PSK-CCMP+TKIP][WPA2-PSK-CCMP+TKIP][WPS][ESS],2017-11-06 18:47:45,11,-90,32.101808900648635,35.20614037415356,682.9947734632763,8,WIFI
14:ae:db:cb:05:f5,Mama,[WPA-PSK-CCMP+TKIP][WPA2-PSK-CCMP+TKIP][WPS][ESS],2017-11-06 18:47:54,11,-94,32.101809059969746,35.206009517418636,682.9216796526263,8,WIFI
00:27:19:e8:ed:58,AUC,[ESS],2017-11-06 18:47:54,9,-94,32.101809059969746,35.206009517418636,682.9216796526263,8,WIFI
c0:ac:54:f5:ff:4b,YanivIsGay,[WPA-PSK-CCMP+TKIP][WPA2-PSK-CCMP+TKIP][ESS],2017-11-06 18:47:58,11,-91,32.10181638806611,35.20594307734513,682.9065896417543,6,WIFI
d4:7b:b0:79:c8:ab,HOTBOX-C8A5,[WPA-PSK-CCMP+TKIP][WPA2-PSK-CCMP+TKIP][ESS][BLE],2017-11-06 18:47:58,1,-93,32.10181638806611,35.20594307734513,682.9065896417543,6,WIFI
c4:04:15:0f:75:b6,super-WIFI_2.4,[WPA2-PSK-CCMP][WPS][ESS][BLE],2017-11-06 18:47:58,1,-95,32.10181638806611,35.20594307734513,682.9065896417543,6,WIFI
84:16:f9:d7:2d:dc,TP-LINK_2DDC,[WPA-PSK-CCMP][WPA2-PSK-CCMP][WPS][ESS],2017-11-06 18:47:58,5,-95,32.10181638806611,35.20594307734513,682.9065896417543,6,WIFI
1c:b9:c4:92:90:b7,,[WPA2-PSK-CCMP][ESS][BLE],2017-11-06 18:48:02,40,-91,32.101810191488624,35.205875877991176,682.89597118265,6,WIFI
06:ae:db:50:2b:e5,BezeqFree,[WPA2-PSK-CCMP][ESS],2017-11-06 18:48:02,1,-91,32.101810191488624,35.205875877991176,682.89597118265,6,WIFI
14:ae:db:50:2b:e5,EY_home,[WPA2-PSK-CCMP][ESS],2017-11-06 18:48:02,1,-93,32.101810191488624,35.205875877991176,682.89597118265,6,WIFI
1c:b9:c4:12:90:bc,Ariel_University,[ESS][BLE],2017-11-06 18:48:02,40,-89,32.101810191488624,35.205875877991176,682.89597118265,6,WIFI
ec:8c:a2:08:94:1c,Ariel_University,[ESS][BLE],2017-11-06 18:48:02,40,-92,32.101810191488624,35.205875877991176,682.89597118265,6,WIFI
ec:8c:a2:08:94:18,Ariel_University,[ESS][BLE],2017-11-06 18:48:02,1,-93,32.101810191488624,35.205875877991176,682.89597118265,6,WIFI
42503_6791_2105346,Pelephone,UNKNOWN;il,2017-11-06 18:48:02,0,-73,32.101810191488624,35.205875877991176,682.89597118265,6,GSM
1c:b9:c4:14:33:c8,Ariel_University,[ESS][BLE],2017-11-06 18:48:06,11,-91,32.101811654462026,35.20585427507809,682.8824653282334,6,WIFI
9c:5c:8e:68:09:c4,My ASUS,[ESS],2017-11-06 18:48:06,6,-93,32.101811654462026,35.20585427507809,682.8824653282334,6,WIFI
f4:f2:6d:2b:3e:92,NAD-4,[WPA2-PSK-CCMP][WPS][ESS],2017-11-06 18:48:08,5,-91,32.101803776476885,35.2058332345601,682.8760949311281,6,WIFI
14:af:db:cd:69:52,BezeqFree,[WPA2-PSK-CCMP][ESS],2017-11-06 18:48:08,9,-94,32.101803776476885,35.2058332345601,682.8760949311281,6,WIFI
14:ae:db:cd:69:52,fuckoff,[WPA2-PSK-CCMP][ESS],2017-11-06 18:48:08,9,-95,32.101803776476885,35.2058332345601,682.8760949311281,6,WIFI
a0:ab:1b:58:2c:06,dina,[WPA2-PSK-CCMP][ESS][BLE],2017-11-06 18:48:13,6,-93,32.10180120473824,35.20577831633937,682.8675594311503,6,WIFI
74:da:38:14:47:f3,Achiatheking_2EX,[WPA2-PSK-CCMP][WPS][ESS],2017-11-06 18:48:13,6,-93,32.10180120473824,35.20577831633937,682.8675594311503,6,WIFI
9c:5c:8e:68:09:c4,My ASUS,[ESS],2017-11-06 18:48:15,6,-87,32.10181181756935,35.20573985788348,682.8657696527772,6,WIFI
d4:7b:b0:79:c8:ab,HOTBOX-C8A5,[WPA-PSK-CCMP+TKIP][WPA2-PSK-CCMP+TKIP][ESS][BLE],2017-11-06 18:48:15,1,-85,32.10181181756935,35.20573985788348,682.8657696527772,6,WIFI
00:25:86:cc:07:b2,KCG_54,[ESS],2017-11-06 18:48:15,2,-93,32.10181181756935,35.20573985788348,682.8657696527772,6,WIFI
a0:ab:1b:58:2c:06,dina,[WPA2-PSK-CCMP][ESS][BLE],2017-11-06 18:48:17,6,-88,32.10181178322285,35.205716555359494,682.8640565533182,6,WIFI
64:70:02:82:cb:2e,TP-LINK_82CB2E,[WPA-PSK-CCMP+TKIP][WPA2-PSK-CCMP+TKIP][ESS],2017-11-06 18:48:17,11,-94,32.10181178322285,35.205716555359494,682.8640565533182,6,WIFI
a0:ab:1b:58:2c:06,dina,[WPA2-PSK-CCMP][ESS][BLE],2017-11-06 18:48:22,6,-83,32.10180228504913,35.205659480582014,682.8652268059242,6,WIFI
14:ae:db:a2:bc:ad,Yosef12,[WPA-PSK-CCMP+TKIP][WPA2-PSK-CCMP+TKIP][WPS][ESS],2017-11-06 18:48:24,11,-93,32.101805566673995,35.205629731283615,682.8687813647848,6,WIFI
14:ae:db:46:62:2d,Nadav,[WPA2-PSK-CCMP][ESS],2017-11-06 18:48:24,6,-93,32.101805566673995,35.205629731283615,682.8687813647848,6,WIFI
74:da:38:13:f4:8a,tatalex666_2EX,[WPA2-PSK-CCMP][WPS][ESS],2017-11-06 18:48:24,1,-94,32.101805566673995,35.205629731283615,682.8687813647848,6,WIFI
cc:b2:55:e9:87:be,Nellylev1,[WPA2-PSK-CCMP+TKIP][ESS],2017-11-06 18:48:28,9,-90,32.10179311801312,35.20558539722079,682.8853510598639,6,WIFI
fc:b4:e6:cf:d8:74,KPD,[WPA-PSK-CCMP+TKIP][WPA2-PSK-CCMP+TKIP][ESS][BLE],2017-11-06 18:48:28,6,-95,32.10179311801312,35.20558539722079,682.8853510598639,6,WIFI
a0:4f:d4:43:c8:01,Gazala,[WPA2-PSK-CCMP][ESS][BLE],2017-11-06 18:48:28,1,-91,32.10179311801312,35.20558539722079,682.8853510598639,6,WIFI
06:ae:db:38:a6:7d,BezeqFree,[WPA2-PSK-CCMP][ESS],2017-11-06 18:48:28,1,-92,32.10179311801312,35.20558539722079,682.8853510598639,6,WIFI
14:ae:db:38:a6:7d,Roman,[WPA2-PSK-CCMP][ESS],2017-11-06 18:48:28,1,-92,32.10179311801312,35.20558539722079,682.8853510598639,6,WIFI
06:ae:db:c1:c7:5d,BezeqFree,[WPA2-PSK-CCMP][ESS],2017-11-06 18:48:28,10,-93,32.10179311801312,35.20558539722079,682.8853510598639,6,WIFI
14:ae:db:c1:c7:5d,esti,[WPA2-PSK-CCMP][ESS],2017-11-06 18:48:28,10,-95,32.10179311801312,35.20558539722079,682.8853510598639,6,WIFI
9c:5c:8e:68:09:c4,My ASUS,[ESS],2017-11-06 18:48:30,6,-81,32.10178101529625,35.20557140192302,682.9010634737772,6,WIFI
d4:6e:0e:3c:2c:3a,natali,[WPA2-PSK-CCMP+TKIP][WPS][ESS],2017-11-06 18:48:30,9,-93,32.10178101529625,35.20557140192302,682.9010634737772,6,WIFI
3c:1e:04:03:3c:6f,v_tlv_2.4,[WPA2-PSK-CCMP][ESS][BLE],2017-11-06 18:48:30,1,-93,32.10178101529625,35.20557140192302,682.9010634737772,6,WIFI
06:ae:db:c1:c7:5d,BezeqFree,[WPA2-PSK-CCMP][ESS],2017-11-06 18:48:32,10,-83,32.10176930013165,35.20557306827474,682.9187720238596,6,WIFI
14:ae:db:c1:c7:5d,esti,[WPA2-PSK-CCMP][ESS],2017-11-06 18:48:32,10,-83,32.10176930013165,35.20557306827474,682.9187720238596,6,WIFI
d4:6e:0e:3c:2c:3a,natali,[WPA2-PSK-CCMP+TKIP][WPS][ESS],2017-11-06 18:48:32,9,-83,32.10176930013165,35.20557306827474,682.9187720238596,6,WIFI
ec:08:6b:39:95:c8,Salon,[WPA-PSK-CCMP+TKIP][WPA2-PSK-CCMP+TKIP][WPS][ESS],2017-11-06 18:48:32,9,-91,32.10176930013165,35.20557306827474,682.9187720238596,6,WIFI
d0:0f:6d:c0:fe:7f,natali,[WPA2-PSK-CCMP][ESS],2017-11-06 18:48:32,9,-92,32.10176930013165,35.20557306827474,682.9187720238596,6,WIFI
84:26:15:ea:87:63,natan,[WPA2-PSK-CCMP][WPS][ESS][BLE],2017-11-06 18:48:32,11,-92,32.10176930013165,35.20557306827474,682.9187720238596,6,WIFI
14:ae:db:b1:74:c5,Felix,[WPA2-PSK-CCMP][ESS],2017-11-06 18:48:32,6,-94,32.10176930013165,35.20557306827474,682.9187720238596,6,WIFI
04:a1:51:c9:b3:79,Marina_5,[WPA2-PSK-CCMP][WPS][ESS][BLE],2017-11-06 18:48:35,60,-92,32.10174177168532,35.20553923105055,682.9511100231798,4,WIFI
e4:6f:13:71:02:fe,binsh,[WPA2-PSK-CCMP][ESS][BLE],2017-11-06 18:48:35,7,-90,32.10174177168532,35.20553923105055,682.9511100231798,4,WIFI
64:66:b3:64:0b:8b,TP-LINK_AP_640B8B,[WPS][ESS],2017-11-06 18:48:35,5,-94,32.10174177168532,35.20553923105055,682.9511100231798,4,WIFI
64:70:02:82:cb:2e,TP-LINK_82CB2E,[WPA-PSK-CCMP+TKIP][WPA2-PSK-CCMP+TKIP][ESS],2017-11-06 18:48:37,11,-85,32.10170229540468,35.20551197164734,682.9811574248815,4,WIFI
fc:b4:e6:cf:d8:74,KPD,[WPA-PSK-CCMP+TKIP][WPA2-PSK-CCMP+TKIP][ESS][BLE],2017-11-06 18:48:37,6,-84,32.10170229540468,35.20551197164734,682.9811574248815,4,WIFI
d0:0f:6d:c0:fe:7f,natali,[WPA2-PSK-CCMP][ESS],2017-11-06 18:48:37,9,-85,32.10170229540468,35.20551197164734,682.9811574248815,4,WIFI
00:23:cd:17:19:00,la familya,[WPA2-PSK-CCMP][WPS][ESS],2017-11-06 18:48:37,3,-93,32.10170229540468,35.20551197164734,682.9811574248815,4,WIFI
ec:8c:a2:08:77:48,Ariel_University,[ESS][BLE],2017-11-06 18:48:37,6,-93,32.10170229540468,35.20551197164734,682.9811574248815,4,WIFI
78:11:dc:1a:cf:d0,TamiRacheli,[WPA-PSK-CCMP+TKIP][WPA2-PSK-CCMP+TKIP][WPS][ESS][BLE],2017-11-06 18:48:39,8,-90,32.10167596337795,35.20549932531418,683.0175627249702,4,WIFI
c0:ac:54:f5:ea:90,HOTBOX-D620,[WPA-PSK-CCMP+TKIP][WPA2-PSK-CCMP+TKIP][ESS],2017-11-06 18:48:39,1,-92,32.10167596337795,35.20549932531418,683.0175627249702,4,WIFI
00:25:86:cc:00:f8,AUC_54_R,[ESS],2017-11-06 18:48:41,5,-95,32.101641918042034,35.205494805723475,683.0554559746408,4,WIFI
04:a1:51:c9:b3:78,Marina,[WPA2-PSK-CCMP][WPS][ESS][BLE],2017-11-06 18:48:41,1,-93,32.101641918042034,35.205494805723475,683.0554559746408,4,WIFI
06:ae:db:51:7e:7d,Bezeq Free,[ESS],2017-11-06 18:48:41,1,-94,32.101641918042034,35.205494805723475,683.0554559746408,4,WIFI
00:02:6f:8e:64:67,,[ESS],2017-11-06 18:48:41,1,-92,32.101641918042034,35.205494805723475,683.0554559746408,4,WIFI
